,index,firing_rate,condition,neuron_id
0,0,13.141709286624392,60.0,data_sdc_20190902_145404_fromSD_N0
1,1,16.099844247160856,60.0,data_sdc_20190902_145404_fromSD_N0
2,2,19.091955611139035,60.0,data_sdc_20190902_145404_fromSD_N0
3,3,19.668953162654606,60.0,data_sdc_20190902_145404_fromSD_N0
4,4,14.39862679076059,60.0,data_sdc_20190902_145404_fromSD_N0
5,5,15.01951227821876,60.0,data_sdc_20190902_145404_fromSD_N0
6,6,16.562238746128642,60.0,data_sdc_20190902_145404_fromSD_N0
7,7,9.204031560494533,60.0,data_sdc_20190902_145404_fromSD_N0
8,8,21.340149572964076,60.0,data_sdc_20190902_145404_fromSD_N0
9,9,8.596433853176663,60.0,data_sdc_20190902_145404_fromSD_N0
10,10,25.080419037017577,60.0,data_sdc_20190902_145404_fromSD_N0
11,11,21.21192444367511,60.0,data_sdc_20190902_145404_fromSD_N0
12,12,15.456963533105542,60.0,data_sdc_20190902_145404_fromSD_N0
13,13,22.822382742892465,60.0,data_sdc_20190902_145404_fromSD_N0
14,14,9.490124342051637,60.0,data_sdc_20190902_145404_fromSD_N0
15,15,16.92524562793926,60.0,data_sdc_20190902_145404_fromSD_N0
16,16,12.562537068212588,60.0,data_sdc_20190902_145404_fromSD_N0
17,17,16.692871568904557,60.0,data_sdc_20190902_145404_fromSD_N0
18,18,19.194663665893707,68.0,data_sdc_20190902_145404_fromSD_N0
19,19,18.081516514001343,68.0,data_sdc_20190902_145404_fromSD_N0
20,20,14.264400508142735,68.0,data_sdc_20190902_145404_fromSD_N0
21,21,16.373107993686993,68.0,data_sdc_20190902_145404_fromSD_N0
22,22,15.40525097046611,68.0,data_sdc_20190902_145404_fromSD_N0
23,23,18.946438363397334,68.0,data_sdc_20190902_145404_fromSD_N0
24,24,16.666334081886482,68.0,data_sdc_20190902_145404_fromSD_N0
25,25,23.559944420242623,68.0,data_sdc_20190902_145404_fromSD_N0
26,26,23.01506328322264,68.0,data_sdc_20190902_145404_fromSD_N0
27,27,19.634686518319022,68.0,data_sdc_20190902_145404_fromSD_N0
28,28,18.534945695311972,68.0,data_sdc_20190902_145404_fromSD_N0
29,29,21.796154491030553,68.0,data_sdc_20190902_145404_fromSD_N0
30,30,21.295323216256747,68.0,data_sdc_20190902_145404_fromSD_N0
31,31,24.747577575120328,68.0,data_sdc_20190902_145404_fromSD_N0
32,32,24.66708841328784,68.0,data_sdc_20190902_145404_fromSD_N0
33,33,16.201767121216722,68.0,data_sdc_20190902_145404_fromSD_N0
34,34,15.441955064261284,68.0,data_sdc_20190902_145404_fromSD_N0
35,35,18.493979780213763,68.0,data_sdc_20190902_145404_fromSD_N0
36,36,11.645927535041498,68.0,data_sdc_20190902_145404_fromSD_N0
37,37,14.876660188741234,68.0,data_sdc_20190902_145404_fromSD_N0
38,38,15.467825637439413,68.0,data_sdc_20190902_145404_fromSD_N0
39,39,16.759007253748912,68.0,data_sdc_20190902_145404_fromSD_N0
40,40,20.178868431086556,68.0,data_sdc_20190902_145404_fromSD_N0
41,41,17.76427861851728,68.0,data_sdc_20190902_145404_fromSD_N0
42,42,16.21404915086958,68.0,data_sdc_20190902_145404_fromSD_N0
43,43,24.79968377408889,68.0,data_sdc_20190902_145404_fromSD_N0
44,44,17.16404969841584,68.0,data_sdc_20190902_145404_fromSD_N0
45,45,16.77420878434152,68.0,data_sdc_20190902_145404_fromSD_N0
46,46,23.01758841445415,68.0,data_sdc_20190902_145404_fromSD_N0
47,47,18.883161962536192,68.0,data_sdc_20190902_145404_fromSD_N0
48,48,21.504701595621537,68.0,data_sdc_20190902_145404_fromSD_N0
49,49,18.629049451024752,68.0,data_sdc_20190902_145404_fromSD_N0
50,50,16.59990662852057,68.0,data_sdc_20190902_145404_fromSD_N0
51,51,25.328826832295775,68.0,data_sdc_20190902_145404_fromSD_N0
52,52,16.65273291769025,68.0,data_sdc_20190902_145404_fromSD_N0
53,53,15.381788917360248,68.0,data_sdc_20190902_145404_fromSD_N0
54,54,19.401033513804823,68.0,data_sdc_20190902_145404_fromSD_N0
55,55,21.74249632521084,68.0,data_sdc_20190902_145404_fromSD_N0
56,56,19.296692873997124,68.0,data_sdc_20190902_145404_fromSD_N0
57,57,22.30401716433242,68.0,data_sdc_20190902_145404_fromSD_N0
58,58,16.637117445794193,68.0,data_sdc_20190902_145404_fromSD_N0
59,59,12.527409063162475,68.0,data_sdc_20190902_145404_fromSD_N0
60,60,13.390705391469359,68.0,data_sdc_20190902_145404_fromSD_N0
61,61,16.750890444231093,68.0,data_sdc_20190902_145404_fromSD_N0
62,62,12.944087298087712,68.0,data_sdc_20190902_145404_fromSD_N0
63,63,17.486471334861776,68.0,data_sdc_20190902_145404_fromSD_N0
64,64,18.810984932476277,68.0,data_sdc_20190902_145404_fromSD_N0
65,65,12.316221106937105,68.0,data_sdc_20190902_145404_fromSD_N0
66,66,12.930409701440785,68.0,data_sdc_20190902_145404_fromSD_N0
67,67,17.915180432009883,68.0,data_sdc_20190902_145404_fromSD_N0
68,68,16.332938361523144,68.0,data_sdc_20190902_145404_fromSD_N0
69,69,20.472320911938688,68.0,data_sdc_20190902_145404_fromSD_N0
70,70,25.48582627280625,68.0,data_sdc_20190902_145404_fromSD_N0
71,71,10.228940664040701,68.0,data_sdc_20190902_145404_fromSD_N0
72,72,19.560882974203004,68.0,data_sdc_20190902_145404_fromSD_N0
73,73,14.012559598416823,68.0,data_sdc_20190902_145404_fromSD_N0
74,74,13.395011187182922,76.0,data_sdc_20190902_145404_fromSD_N0
75,75,14.504262256141166,76.0,data_sdc_20190902_145404_fromSD_N0
76,76,13.283956596668576,76.0,data_sdc_20190902_145404_fromSD_N0
77,77,18.311840573370173,76.0,data_sdc_20190902_145404_fromSD_N0
78,78,21.822662897847184,76.0,data_sdc_20190902_145404_fromSD_N0
79,79,11.93802858224749,76.0,data_sdc_20190902_145404_fromSD_N0
80,80,18.999992184621263,76.0,data_sdc_20190902_145404_fromSD_N0
81,81,19.014379675273762,76.0,data_sdc_20190902_145404_fromSD_N0
82,82,15.820072018415564,76.0,data_sdc_20190902_145404_fromSD_N0
83,83,19.436017281582703,76.0,data_sdc_20190902_145404_fromSD_N0
84,84,15.834631380021424,76.0,data_sdc_20190902_145404_fromSD_N0
85,85,15.937945897813739,76.0,data_sdc_20190902_145404_fromSD_N0
86,86,23.121871548398254,76.0,data_sdc_20190902_145404_fromSD_N0
87,87,13.694765389279418,76.0,data_sdc_20190902_145404_fromSD_N0
88,88,25.89093537260937,76.0,data_sdc_20190902_145404_fromSD_N0
89,89,22.05465027173222,76.0,data_sdc_20190902_145404_fromSD_N0
90,90,17.818997167573123,76.0,data_sdc_20190902_145404_fromSD_N0
91,91,16.03980840616827,76.0,data_sdc_20190902_145404_fromSD_N0
92,92,22.742406093755093,76.0,data_sdc_20190902_145404_fromSD_N0
93,93,19.232814191447357,76.0,data_sdc_20190902_145404_fromSD_N0
94,94,18.233153136350186,76.0,data_sdc_20190902_145404_fromSD_N0
95,95,22.69668847711259,76.0,data_sdc_20190902_145404_fromSD_N0
96,96,24.8675743713458,76.0,data_sdc_20190902_145404_fromSD_N0
97,97,21.843783001344885,76.0,data_sdc_20190902_145404_fromSD_N0
98,98,29.494821983439323,76.0,data_sdc_20190902_145404_fromSD_N0
99,99,21.681383216211625,76.0,data_sdc_20190902_145404_fromSD_N0
100,100,14.197570671375418,76.0,data_sdc_20190902_145404_fromSD_N0
101,101,20.153655176165458,76.0,data_sdc_20190902_145404_fromSD_N0
102,102,17.893202687142246,76.0,data_sdc_20190902_145404_fromSD_N0
103,103,14.176852475304727,76.0,data_sdc_20190902_145404_fromSD_N0
104,104,20.70883569105266,76.0,data_sdc_20190902_145404_fromSD_N0
105,105,14.448018319609472,76.0,data_sdc_20190902_145404_fromSD_N0
106,106,22.84327284045636,76.0,data_sdc_20190902_145404_fromSD_N0
107,107,13.64210335848314,76.0,data_sdc_20190902_145404_fromSD_N0
108,108,17.380338717406733,76.0,data_sdc_20190902_145404_fromSD_N0
109,109,24.000880789502542,76.0,data_sdc_20190902_145404_fromSD_N0
110,110,10.931023496912873,76.0,data_sdc_20190902_145404_fromSD_N0
111,111,9.828890817212528,76.0,data_sdc_20190902_145404_fromSD_N0
112,112,12.370929930582601,76.0,data_sdc_20190902_145404_fromSD_N0
113,113,20.540118322851836,76.0,data_sdc_20190902_145404_fromSD_N0
114,114,21.728136152781598,76.0,data_sdc_20190902_145404_fromSD_N0
115,115,20.64696097724822,76.0,data_sdc_20190902_145404_fromSD_N0
116,116,16.78546744454576,76.0,data_sdc_20190902_145404_fromSD_N0
117,117,20.132175548091983,76.0,data_sdc_20190902_145404_fromSD_N0
118,118,20.76041882336814,76.0,data_sdc_20190902_145404_fromSD_N0
119,119,18.85524482850008,76.0,data_sdc_20190902_145404_fromSD_N0
120,120,18.28667640409024,76.0,data_sdc_20190902_145404_fromSD_N0
121,121,27.448850474217966,76.0,data_sdc_20190902_145404_fromSD_N0
122,122,16.30116966114684,76.0,data_sdc_20190902_145404_fromSD_N0
123,123,24.77325029314412,76.0,data_sdc_20190902_145404_fromSD_N0
124,124,13.602669643158462,76.0,data_sdc_20190902_145404_fromSD_N0
125,125,20.386045806150147,76.0,data_sdc_20190902_145404_fromSD_N0
126,126,18.64359784563082,84.0,data_sdc_20190902_145404_fromSD_N0
127,127,18.946934003712588,84.0,data_sdc_20190902_145404_fromSD_N0
128,128,17.529732316433474,84.0,data_sdc_20190902_145404_fromSD_N0
129,129,18.139554004756828,84.0,data_sdc_20190902_145404_fromSD_N0
130,130,16.747836768210167,84.0,data_sdc_20190902_145404_fromSD_N0
131,131,17.55761401836164,84.0,data_sdc_20190902_145404_fromSD_N0
132,132,28.378541611572473,84.0,data_sdc_20190902_145404_fromSD_N0
133,133,24.99350799475662,84.0,data_sdc_20190902_145404_fromSD_N0
134,134,13.28502620967343,84.0,data_sdc_20190902_145404_fromSD_N0
135,135,15.841801922554671,84.0,data_sdc_20190902_145404_fromSD_N0
136,136,20.62677617949962,84.0,data_sdc_20190902_145404_fromSD_N0
137,137,18.02466377671536,84.0,data_sdc_20190902_145404_fromSD_N0
138,138,22.343073807488203,84.0,data_sdc_20190902_145404_fromSD_N0
139,139,17.934751149251817,84.0,data_sdc_20190902_145404_fromSD_N0
140,140,23.017289616399168,84.0,data_sdc_20190902_145404_fromSD_N0
141,141,13.412085432968858,84.0,data_sdc_20190902_145404_fromSD_N0
142,142,20.510765653321425,84.0,data_sdc_20190902_145404_fromSD_N0
143,143,16.5522992312251,84.0,data_sdc_20190902_145404_fromSD_N0
144,144,15.781525362021897,84.0,data_sdc_20190902_145404_fromSD_N0
145,145,20.143566119243136,84.0,data_sdc_20190902_145404_fromSD_N0
146,146,24.170539470597546,84.0,data_sdc_20190902_145404_fromSD_N0
147,147,12.89261019579386,84.0,data_sdc_20190902_145404_fromSD_N0
148,148,20.853452358686816,84.0,data_sdc_20190902_145404_fromSD_N0
149,149,21.393077921630724,84.0,data_sdc_20190902_145404_fromSD_N0
150,150,10.933579286992853,84.0,data_sdc_20190902_145404_fromSD_N0
151,151,15.884236263698563,84.0,data_sdc_20190902_145404_fromSD_N0
152,152,22.99376882323021,84.0,data_sdc_20190902_145404_fromSD_N0
153,153,27.445855836580197,84.0,data_sdc_20190902_145404_fromSD_N0
154,154,18.022505460722893,84.0,data_sdc_20190902_145404_fromSD_N0
155,155,17.753754397387397,84.0,data_sdc_20190902_145404_fromSD_N0
156,156,18.91924718322725,84.0,data_sdc_20190902_145404_fromSD_N0
157,157,18.982522357429822,84.0,data_sdc_20190902_145404_fromSD_N0
158,158,17.040400789354376,84.0,data_sdc_20190902_145404_fromSD_N0
159,159,18.76733585331442,84.0,data_sdc_20190902_145404_fromSD_N0
160,160,26.137770040360877,84.0,data_sdc_20190902_145404_fromSD_N0
161,161,14.12758940443046,84.0,data_sdc_20190902_145404_fromSD_N0
162,162,26.12873420363486,84.0,data_sdc_20190902_145404_fromSD_N0
163,163,24.981952835362396,84.0,data_sdc_20190902_145404_fromSD_N0
164,164,16.348381128909732,84.0,data_sdc_20190902_145404_fromSD_N0
165,165,17.984601110016904,84.0,data_sdc_20190902_145404_fromSD_N0
166,166,18.01359482567443,84.0,data_sdc_20190902_145404_fromSD_N0
167,167,25.191316842336892,92.0,data_sdc_20190902_145404_fromSD_N0
168,168,17.643300561235414,92.0,data_sdc_20190902_145404_fromSD_N0
169,169,16.303857713381994,92.0,data_sdc_20190902_145404_fromSD_N0
170,170,19.49949311345695,92.0,data_sdc_20190902_145404_fromSD_N0
171,171,22.65102049153897,92.0,data_sdc_20190902_145404_fromSD_N0
172,172,21.128109918288988,92.0,data_sdc_20190902_145404_fromSD_N0
173,173,23.785645524599975,92.0,data_sdc_20190902_145404_fromSD_N0
174,174,24.42655696154747,92.0,data_sdc_20190902_145404_fromSD_N0
175,175,27.172275297131886,92.0,data_sdc_20190902_145404_fromSD_N0
176,176,18.31782741441491,92.0,data_sdc_20190902_145404_fromSD_N0
177,177,27.967347794363857,92.0,data_sdc_20190902_145404_fromSD_N0
178,178,18.669864870384515,92.0,data_sdc_20190902_145404_fromSD_N0
179,179,25.224537440450344,92.0,data_sdc_20190902_145404_fromSD_N0
180,180,18.908588707627242,92.0,data_sdc_20190902_145404_fromSD_N0
181,181,15.841992577233679,92.0,data_sdc_20190902_145404_fromSD_N0
182,182,25.65400503340231,92.0,data_sdc_20190902_145404_fromSD_N0
183,183,25.188654743734737,92.0,data_sdc_20190902_145404_fromSD_N0
184,184,25.62736894796978,92.0,data_sdc_20190902_145404_fromSD_N0
185,185,23.83177588099627,92.0,data_sdc_20190902_145404_fromSD_N0
186,186,21.281420886129585,92.0,data_sdc_20190902_145404_fromSD_N0
187,187,26.609937440597356,92.0,data_sdc_20190902_145404_fromSD_N0
188,188,20.61930565444193,92.0,data_sdc_20190902_145404_fromSD_N0
189,0,26.532045147410972,60.0,data_sdc_20190902_145404_fromSD_N1
190,1,20.120133525766715,60.0,data_sdc_20190902_145404_fromSD_N1
191,2,32.39275011786339,60.0,data_sdc_20190902_145404_fromSD_N1
192,3,14.198363437033047,60.0,data_sdc_20190902_145404_fromSD_N1
193,4,18.489259334216374,60.0,data_sdc_20190902_145404_fromSD_N1
194,5,29.39906628704031,60.0,data_sdc_20190902_145404_fromSD_N1
195,6,24.094024763008758,60.0,data_sdc_20190902_145404_fromSD_N1
196,7,23.964225004775287,60.0,data_sdc_20190902_145404_fromSD_N1
197,8,18.24646534935088,60.0,data_sdc_20190902_145404_fromSD_N1
198,9,13.236301668567396,60.0,data_sdc_20190902_145404_fromSD_N1
199,10,21.686696847555357,60.0,data_sdc_20190902_145404_fromSD_N1
200,11,22.390885804409233,60.0,data_sdc_20190902_145404_fromSD_N1
201,12,22.972142032458226,60.0,data_sdc_20190902_145404_fromSD_N1
202,13,17.478079320688128,60.0,data_sdc_20190902_145404_fromSD_N1
203,14,22.281334182623105,60.0,data_sdc_20190902_145404_fromSD_N1
204,15,13.780720215852277,60.0,data_sdc_20190902_145404_fromSD_N1
205,16,20.5879583962483,60.0,data_sdc_20190902_145404_fromSD_N1
206,17,24.8906500114272,60.0,data_sdc_20190902_145404_fromSD_N1
207,18,21.61562025528893,68.0,data_sdc_20190902_145404_fromSD_N1
208,19,24.68846766231832,68.0,data_sdc_20190902_145404_fromSD_N1
209,20,20.692546641529734,68.0,data_sdc_20190902_145404_fromSD_N1
210,21,21.05273978503253,68.0,data_sdc_20190902_145404_fromSD_N1
211,22,24.927637516708216,68.0,data_sdc_20190902_145404_fromSD_N1
212,23,21.817568344166393,68.0,data_sdc_20190902_145404_fromSD_N1
213,24,18.663729503456487,68.0,data_sdc_20190902_145404_fromSD_N1
214,25,18.942105067816804,68.0,data_sdc_20190902_145404_fromSD_N1
215,26,19.24920855879164,68.0,data_sdc_20190902_145404_fromSD_N1
216,27,17.013459614038805,68.0,data_sdc_20190902_145404_fromSD_N1
217,28,17.279174897729963,68.0,data_sdc_20190902_145404_fromSD_N1
218,29,20.244837654197944,68.0,data_sdc_20190902_145404_fromSD_N1
219,30,19.7512984119664,68.0,data_sdc_20190902_145404_fromSD_N1
220,31,19.047363974702094,68.0,data_sdc_20190902_145404_fromSD_N1
221,32,16.337504579419452,68.0,data_sdc_20190902_145404_fromSD_N1
222,33,29.34207120656655,68.0,data_sdc_20190902_145404_fromSD_N1
223,34,18.18539115710252,68.0,data_sdc_20190902_145404_fromSD_N1
224,35,18.754486946591076,68.0,data_sdc_20190902_145404_fromSD_N1
225,36,21.06743531773973,68.0,data_sdc_20190902_145404_fromSD_N1
226,37,18.948540034857338,68.0,data_sdc_20190902_145404_fromSD_N1
227,38,15.304227387386264,68.0,data_sdc_20190902_145404_fromSD_N1
228,39,20.130626393973998,68.0,data_sdc_20190902_145404_fromSD_N1
229,40,30.10432126918057,68.0,data_sdc_20190902_145404_fromSD_N1
230,41,14.199366264758327,68.0,data_sdc_20190902_145404_fromSD_N1
231,42,18.154127704572055,68.0,data_sdc_20190902_145404_fromSD_N1
232,43,25.445897293086233,68.0,data_sdc_20190902_145404_fromSD_N1
233,44,30.86657522531452,68.0,data_sdc_20190902_145404_fromSD_N1
234,45,25.381838547914732,68.0,data_sdc_20190902_145404_fromSD_N1
235,46,17.424081739984263,68.0,data_sdc_20190902_145404_fromSD_N1
236,47,19.22383247108714,68.0,data_sdc_20190902_145404_fromSD_N1
237,48,19.07473172941353,68.0,data_sdc_20190902_145404_fromSD_N1
238,49,20.966827644757156,68.0,data_sdc_20190902_145404_fromSD_N1
239,50,17.90644001147359,68.0,data_sdc_20190902_145404_fromSD_N1
240,51,21.189085485149704,68.0,data_sdc_20190902_145404_fromSD_N1
241,52,14.383712043696214,68.0,data_sdc_20190902_145404_fromSD_N1
242,53,12.818877085575714,68.0,data_sdc_20190902_145404_fromSD_N1
243,54,14.10970956907846,68.0,data_sdc_20190902_145404_fromSD_N1
244,55,19.4298299818285,68.0,data_sdc_20190902_145404_fromSD_N1
245,56,12.86326310919435,68.0,data_sdc_20190902_145404_fromSD_N1
246,57,16.13055614386587,68.0,data_sdc_20190902_145404_fromSD_N1
247,58,19.877040229318663,68.0,data_sdc_20190902_145404_fromSD_N1
248,59,15.101442155047641,68.0,data_sdc_20190902_145404_fromSD_N1
249,60,20.600028837462837,68.0,data_sdc_20190902_145404_fromSD_N1
250,61,24.28028182337549,68.0,data_sdc_20190902_145404_fromSD_N1
251,62,16.1553123577216,68.0,data_sdc_20190902_145404_fromSD_N1
252,63,21.308207336695514,68.0,data_sdc_20190902_145404_fromSD_N1
253,64,21.974713686464273,68.0,data_sdc_20190902_145404_fromSD_N1
254,65,27.974149327597257,68.0,data_sdc_20190902_145404_fromSD_N1
255,66,16.721570189493637,68.0,data_sdc_20190902_145404_fromSD_N1
256,67,20.870982376141217,68.0,data_sdc_20190902_145404_fromSD_N1
257,68,17.72104145291776,68.0,data_sdc_20190902_145404_fromSD_N1
258,69,20.09088693636725,68.0,data_sdc_20190902_145404_fromSD_N1
259,70,30.939858959024946,68.0,data_sdc_20190902_145404_fromSD_N1
260,71,14.54858103859997,68.0,data_sdc_20190902_145404_fromSD_N1
261,72,15.29109740085416,68.0,data_sdc_20190902_145404_fromSD_N1
262,73,15.046388895086212,68.0,data_sdc_20190902_145404_fromSD_N1
263,74,20.11649724335314,76.0,data_sdc_20190902_145404_fromSD_N1
264,75,20.477920266877895,76.0,data_sdc_20190902_145404_fromSD_N1
265,76,10.366983954353891,76.0,data_sdc_20190902_145404_fromSD_N1
266,77,16.53062585294116,76.0,data_sdc_20190902_145404_fromSD_N1
267,78,20.98231921016712,76.0,data_sdc_20190902_145404_fromSD_N1
268,79,19.226008809540026,76.0,data_sdc_20190902_145404_fromSD_N1
269,80,21.254225093858192,76.0,data_sdc_20190902_145404_fromSD_N1
270,81,28.534526770403147,76.0,data_sdc_20190902_145404_fromSD_N1
271,82,19.621573431340657,76.0,data_sdc_20190902_145404_fromSD_N1
272,83,12.452700362157978,76.0,data_sdc_20190902_145404_fromSD_N1
273,84,24.867853066990744,76.0,data_sdc_20190902_145404_fromSD_N1
274,85,14.314248191702276,76.0,data_sdc_20190902_145404_fromSD_N1
275,86,24.65546823958874,76.0,data_sdc_20190902_145404_fromSD_N1
276,87,24.619567448003767,76.0,data_sdc_20190902_145404_fromSD_N1
277,88,17.27943790992468,76.0,data_sdc_20190902_145404_fromSD_N1
278,89,15.633539542398262,76.0,data_sdc_20190902_145404_fromSD_N1
279,90,31.503815342050004,76.0,data_sdc_20190902_145404_fromSD_N1
280,91,16.6858951922994,76.0,data_sdc_20190902_145404_fromSD_N1
281,92,16.57319245381395,76.0,data_sdc_20190902_145404_fromSD_N1
282,93,22.433299059404934,76.0,data_sdc_20190902_145404_fromSD_N1
283,94,21.47662792168675,76.0,data_sdc_20190902_145404_fromSD_N1
284,95,20.386170586147433,76.0,data_sdc_20190902_145404_fromSD_N1
285,96,19.505365804337522,76.0,data_sdc_20190902_145404_fromSD_N1
286,97,17.378651933679503,76.0,data_sdc_20190902_145404_fromSD_N1
287,98,21.160269704796526,76.0,data_sdc_20190902_145404_fromSD_N1
288,99,16.653295406539055,76.0,data_sdc_20190902_145404_fromSD_N1
289,100,18.707055755869174,76.0,data_sdc_20190902_145404_fromSD_N1
290,101,28.44744408194592,76.0,data_sdc_20190902_145404_fromSD_N1
291,102,20.37194677096055,76.0,data_sdc_20190902_145404_fromSD_N1
292,103,20.54017640335371,76.0,data_sdc_20190902_145404_fromSD_N1
293,104,22.688517532306214,76.0,data_sdc_20190902_145404_fromSD_N1
294,105,22.90556460456185,76.0,data_sdc_20190902_145404_fromSD_N1
295,106,22.98445985311124,76.0,data_sdc_20190902_145404_fromSD_N1
296,107,22.470868519490665,76.0,data_sdc_20190902_145404_fromSD_N1
297,108,16.507914613115283,76.0,data_sdc_20190902_145404_fromSD_N1
298,109,11.91042974838393,76.0,data_sdc_20190902_145404_fromSD_N1
299,110,11.907669589085053,76.0,data_sdc_20190902_145404_fromSD_N1
300,111,15.830483844570912,76.0,data_sdc_20190902_145404_fromSD_N1
301,112,21.519248986667705,76.0,data_sdc_20190902_145404_fromSD_N1
302,113,23.49549756044495,76.0,data_sdc_20190902_145404_fromSD_N1
303,114,26.430967311673665,76.0,data_sdc_20190902_145404_fromSD_N1
304,115,18.87828459461832,76.0,data_sdc_20190902_145404_fromSD_N1
305,116,26.407728737556447,76.0,data_sdc_20190902_145404_fromSD_N1
306,117,19.674293432661287,76.0,data_sdc_20190902_145404_fromSD_N1
307,118,21.816116245561645,76.0,data_sdc_20190902_145404_fromSD_N1
308,119,21.528995927232693,76.0,data_sdc_20190902_145404_fromSD_N1
309,120,14.49372660359319,76.0,data_sdc_20190902_145404_fromSD_N1
310,121,21.77364790417692,76.0,data_sdc_20190902_145404_fromSD_N1
311,122,18.0713621002034,76.0,data_sdc_20190902_145404_fromSD_N1
312,123,26.096804691197473,76.0,data_sdc_20190902_145404_fromSD_N1
313,124,12.104257385146987,76.0,data_sdc_20190902_145404_fromSD_N1
314,125,20.60052622661759,76.0,data_sdc_20190902_145404_fromSD_N1
315,126,27.213578261650003,84.0,data_sdc_20190902_145404_fromSD_N1
316,127,17.121681311434113,84.0,data_sdc_20190902_145404_fromSD_N1
317,128,22.406211583443657,84.0,data_sdc_20190902_145404_fromSD_N1
318,129,19.483757182868672,84.0,data_sdc_20190902_145404_fromSD_N1
319,130,14.170322826936463,84.0,data_sdc_20190902_145404_fromSD_N1
320,131,15.903151074146237,84.0,data_sdc_20190902_145404_fromSD_N1
321,132,20.900638382081418,84.0,data_sdc_20190902_145404_fromSD_N1
322,133,25.54939966823779,84.0,data_sdc_20190902_145404_fromSD_N1
323,134,20.120650803606452,84.0,data_sdc_20190902_145404_fromSD_N1
324,135,20.942815970300632,84.0,data_sdc_20190902_145404_fromSD_N1
325,136,21.03678029983881,84.0,data_sdc_20190902_145404_fromSD_N1
326,137,18.60633620598112,84.0,data_sdc_20190902_145404_fromSD_N1
327,138,17.71467667029048,84.0,data_sdc_20190902_145404_fromSD_N1
328,139,20.320188298206702,84.0,data_sdc_20190902_145404_fromSD_N1
329,140,20.451466070794257,84.0,data_sdc_20190902_145404_fromSD_N1
330,141,20.897581183141934,84.0,data_sdc_20190902_145404_fromSD_N1
331,142,23.736471351295435,84.0,data_sdc_20190902_145404_fromSD_N1
332,143,15.810246294824449,84.0,data_sdc_20190902_145404_fromSD_N1
333,144,11.291619928569197,84.0,data_sdc_20190902_145404_fromSD_N1
334,145,16.740050560884725,84.0,data_sdc_20190902_145404_fromSD_N1
335,146,25.661530618268493,84.0,data_sdc_20190902_145404_fromSD_N1
336,147,21.233871723674742,84.0,data_sdc_20190902_145404_fromSD_N1
337,148,20.307635165339025,84.0,data_sdc_20190902_145404_fromSD_N1
338,149,18.156452306596687,84.0,data_sdc_20190902_145404_fromSD_N1
339,150,11.990076169266668,84.0,data_sdc_20190902_145404_fromSD_N1
340,151,17.090952065605816,84.0,data_sdc_20190902_145404_fromSD_N1
341,152,21.212478126638096,84.0,data_sdc_20190902_145404_fromSD_N1
342,153,14.261257275865256,84.0,data_sdc_20190902_145404_fromSD_N1
343,154,15.840029988126561,84.0,data_sdc_20190902_145404_fromSD_N1
344,155,17.568279415835264,84.0,data_sdc_20190902_145404_fromSD_N1
345,156,31.024402880287468,84.0,data_sdc_20190902_145404_fromSD_N1
346,157,28.12507170107407,84.0,data_sdc_20190902_145404_fromSD_N1
347,158,20.564629824641077,84.0,data_sdc_20190902_145404_fromSD_N1
348,159,16.6751048089762,84.0,data_sdc_20190902_145404_fromSD_N1
349,160,19.998930864172724,84.0,data_sdc_20190902_145404_fromSD_N1
350,161,20.30754903337413,84.0,data_sdc_20190902_145404_fromSD_N1
351,162,17.112966768841844,84.0,data_sdc_20190902_145404_fromSD_N1
352,163,22.227850524354174,84.0,data_sdc_20190902_145404_fromSD_N1
353,164,20.871354057512658,84.0,data_sdc_20190902_145404_fromSD_N1
354,165,17.24212080291513,84.0,data_sdc_20190902_145404_fromSD_N1
355,166,24.97407634635862,84.0,data_sdc_20190902_145404_fromSD_N1
356,167,21.189974605236895,92.0,data_sdc_20190902_145404_fromSD_N1
357,168,18.524120753200666,92.0,data_sdc_20190902_145404_fromSD_N1
358,169,15.309472272159148,92.0,data_sdc_20190902_145404_fromSD_N1
359,170,22.364150421845565,92.0,data_sdc_20190902_145404_fromSD_N1
360,171,15.370642854623012,92.0,data_sdc_20190902_145404_fromSD_N1
361,172,19.04634424357467,92.0,data_sdc_20190902_145404_fromSD_N1
362,173,19.465821893643223,92.0,data_sdc_20190902_145404_fromSD_N1
363,174,26.002684752590422,92.0,data_sdc_20190902_145404_fromSD_N1
364,175,14.54254169567311,92.0,data_sdc_20190902_145404_fromSD_N1
365,176,14.77438628665092,92.0,data_sdc_20190902_145404_fromSD_N1
366,177,8.61224148223332,92.0,data_sdc_20190902_145404_fromSD_N1
367,178,19.880505527643095,92.0,data_sdc_20190902_145404_fromSD_N1
368,179,22.619297564129315,92.0,data_sdc_20190902_145404_fromSD_N1
369,180,16.28661655183139,92.0,data_sdc_20190902_145404_fromSD_N1
370,181,15.971356130522073,92.0,data_sdc_20190902_145404_fromSD_N1
371,182,25.371847933430228,92.0,data_sdc_20190902_145404_fromSD_N1
372,183,22.930275938621868,92.0,data_sdc_20190902_145404_fromSD_N1
373,184,20.303357902859847,92.0,data_sdc_20190902_145404_fromSD_N1
374,185,20.83529997135181,92.0,data_sdc_20190902_145404_fromSD_N1
375,186,20.00145794193395,92.0,data_sdc_20190902_145404_fromSD_N1
376,187,17.047522978045933,92.0,data_sdc_20190902_145404_fromSD_N1
377,188,17.498479334317423,92.0,data_sdc_20190902_145404_fromSD_N1
378,0,0.0,60.0,data_sdc_20190902_145404_fromSD_N2
379,1,1.2423081994571499,60.0,data_sdc_20190902_145404_fromSD_N2
380,2,0.4064581737856648,60.0,data_sdc_20190902_145404_fromSD_N2
381,3,1.9839886611834736,60.0,data_sdc_20190902_145404_fromSD_N2
382,4,1.6626808115505982,60.0,data_sdc_20190902_145404_fromSD_N2
383,5,1.680184168483222,60.0,data_sdc_20190902_145404_fromSD_N2
384,6,3.8343994548096516,60.0,data_sdc_20190902_145404_fromSD_N2
385,7,4.324988999202336,60.0,data_sdc_20190902_145404_fromSD_N2
386,8,3.0217676749830376,60.0,data_sdc_20190902_145404_fromSD_N2
387,9,3.105094289377396,60.0,data_sdc_20190902_145404_fromSD_N2
388,10,7.516523115223916,60.0,data_sdc_20190902_145404_fromSD_N2
389,11,3.896760805798826,60.0,data_sdc_20190902_145404_fromSD_N2
390,12,1.1595200790036834e-05,60.0,data_sdc_20190902_145404_fromSD_N2
391,13,6.1379844789206235,60.0,data_sdc_20190902_145404_fromSD_N2
392,14,0.07156240927201346,60.0,data_sdc_20190902_145404_fromSD_N2
393,15,1.8477902019564107,60.0,data_sdc_20190902_145404_fromSD_N2
394,16,5.834283153274044,60.0,data_sdc_20190902_145404_fromSD_N2
395,17,5.027063435083091,60.0,data_sdc_20190902_145404_fromSD_N2
396,18,0.4996256639517316,68.0,data_sdc_20190902_145404_fromSD_N2
397,19,1.901303543075092,68.0,data_sdc_20190902_145404_fromSD_N2
398,20,5.291750030311583,68.0,data_sdc_20190902_145404_fromSD_N2
399,21,0.9477939730412227,68.0,data_sdc_20190902_145404_fromSD_N2
400,22,5.16129715797564,68.0,data_sdc_20190902_145404_fromSD_N2
401,23,3.035379690004466,68.0,data_sdc_20190902_145404_fromSD_N2
402,24,5.769434444030948,68.0,data_sdc_20190902_145404_fromSD_N2
403,25,1.1936501872683989,68.0,data_sdc_20190902_145404_fromSD_N2
404,26,5.710273281520419,68.0,data_sdc_20190902_145404_fromSD_N2
405,27,3.6155623454049457,68.0,data_sdc_20190902_145404_fromSD_N2
406,28,6.570365080375614,68.0,data_sdc_20190902_145404_fromSD_N2
407,29,3.3021517531943982,68.0,data_sdc_20190902_145404_fromSD_N2
408,30,8.438880613062512,68.0,data_sdc_20190902_145404_fromSD_N2
409,31,2.538007201493388,68.0,data_sdc_20190902_145404_fromSD_N2
410,32,2.2031558945931393,68.0,data_sdc_20190902_145404_fromSD_N2
411,33,1.0940766094543724,68.0,data_sdc_20190902_145404_fromSD_N2
412,34,3.832260229758877,68.0,data_sdc_20190902_145404_fromSD_N2
413,35,4.6640286300476985,68.0,data_sdc_20190902_145404_fromSD_N2
414,36,1.5746683047614591,68.0,data_sdc_20190902_145404_fromSD_N2
415,37,1.401314477851463,68.0,data_sdc_20190902_145404_fromSD_N2
416,38,6.287234109905118,68.0,data_sdc_20190902_145404_fromSD_N2
417,39,5.937445500272108,68.0,data_sdc_20190902_145404_fromSD_N2
418,40,9.319097467268353,68.0,data_sdc_20190902_145404_fromSD_N2
419,41,2.9271437913745366,68.0,data_sdc_20190902_145404_fromSD_N2
420,42,1.8554217370668415,68.0,data_sdc_20190902_145404_fromSD_N2
421,43,8.437278522630569,68.0,data_sdc_20190902_145404_fromSD_N2
422,44,0.0,68.0,data_sdc_20190902_145404_fromSD_N2
423,45,2.722987611211187,68.0,data_sdc_20190902_145404_fromSD_N2
424,46,2.116680858525695,68.0,data_sdc_20190902_145404_fromSD_N2
425,47,1.91745117766485,68.0,data_sdc_20190902_145404_fromSD_N2
426,48,3.5901069579086444,68.0,data_sdc_20190902_145404_fromSD_N2
427,49,0.5960571616011026,68.0,data_sdc_20190902_145404_fromSD_N2
428,50,2.5342092229906332,68.0,data_sdc_20190902_145404_fromSD_N2
429,51,2.8718688227384335,68.0,data_sdc_20190902_145404_fromSD_N2
430,52,0.5551223615429521,68.0,data_sdc_20190902_145404_fromSD_N2
431,53,4.326855680885719,68.0,data_sdc_20190902_145404_fromSD_N2
432,54,6.814187800727129,68.0,data_sdc_20190902_145404_fromSD_N2
433,55,0.0,68.0,data_sdc_20190902_145404_fromSD_N2
434,56,4.053110582531139,68.0,data_sdc_20190902_145404_fromSD_N2
435,57,3.1428478755471976,68.0,data_sdc_20190902_145404_fromSD_N2
436,58,2.8270897218563653,68.0,data_sdc_20190902_145404_fromSD_N2
437,59,2.509034432460694,68.0,data_sdc_20190902_145404_fromSD_N2
438,60,0.5990434795302184,68.0,data_sdc_20190902_145404_fromSD_N2
439,61,1.9573275731234825,68.0,data_sdc_20190902_145404_fromSD_N2
440,62,4.586579437189702,68.0,data_sdc_20190902_145404_fromSD_N2
441,63,2.417279638199289,68.0,data_sdc_20190902_145404_fromSD_N2
442,64,2.3423877144298517,68.0,data_sdc_20190902_145404_fromSD_N2
443,65,1.9988273814668933,68.0,data_sdc_20190902_145404_fromSD_N2
444,66,3.001195100785925,68.0,data_sdc_20190902_145404_fromSD_N2
445,67,4.701670959552687,68.0,data_sdc_20190902_145404_fromSD_N2
446,68,3.248406939940556,68.0,data_sdc_20190902_145404_fromSD_N2
447,69,4.658639445168023,68.0,data_sdc_20190902_145404_fromSD_N2
448,70,0.0006972353105148064,68.0,data_sdc_20190902_145404_fromSD_N2
449,71,2.7823405521181206,68.0,data_sdc_20190902_145404_fromSD_N2
450,72,3.207744140033503,68.0,data_sdc_20190902_145404_fromSD_N2
451,73,1.7847862805636927,68.0,data_sdc_20190902_145404_fromSD_N2
452,74,3.333061628476769,76.0,data_sdc_20190902_145404_fromSD_N2
453,75,2.2694873803218982,76.0,data_sdc_20190902_145404_fromSD_N2
454,76,3.138156229995388,76.0,data_sdc_20190902_145404_fromSD_N2
455,77,2.7014210618865304,76.0,data_sdc_20190902_145404_fromSD_N2
456,78,6.786093659475772,76.0,data_sdc_20190902_145404_fromSD_N2
457,79,3.3067721556357066,76.0,data_sdc_20190902_145404_fromSD_N2
458,80,1.982644710449859,76.0,data_sdc_20190902_145404_fromSD_N2
459,81,5.387834807846583,76.0,data_sdc_20190902_145404_fromSD_N2
460,82,5.499105184574562,76.0,data_sdc_20190902_145404_fromSD_N2
461,83,4.0148668935586125,76.0,data_sdc_20190902_145404_fromSD_N2
462,84,1.0214956071159933,76.0,data_sdc_20190902_145404_fromSD_N2
463,85,6.548231041170034,76.0,data_sdc_20190902_145404_fromSD_N2
464,86,2.728893006218751,76.0,data_sdc_20190902_145404_fromSD_N2
465,87,0.0,76.0,data_sdc_20190902_145404_fromSD_N2
466,88,3.8380692161324976,76.0,data_sdc_20190902_145404_fromSD_N2
467,89,6.3107625136831045,76.0,data_sdc_20190902_145404_fromSD_N2
468,90,0.5129790625287252,76.0,data_sdc_20190902_145404_fromSD_N2
469,91,6.169831083601156,76.0,data_sdc_20190902_145404_fromSD_N2
470,92,1.3642456879707106,76.0,data_sdc_20190902_145404_fromSD_N2
471,93,2.5674870218312282,76.0,data_sdc_20190902_145404_fromSD_N2
472,94,4.947401539869894,76.0,data_sdc_20190902_145404_fromSD_N2
473,95,5.304434726609771,76.0,data_sdc_20190902_145404_fromSD_N2
474,96,1.3056027357066822,76.0,data_sdc_20190902_145404_fromSD_N2
475,97,2.692244190291336,76.0,data_sdc_20190902_145404_fromSD_N2
476,98,3.9165650844648816,76.0,data_sdc_20190902_145404_fromSD_N2
477,99,4.981658857651926,76.0,data_sdc_20190902_145404_fromSD_N2
478,100,5.430802722615398,76.0,data_sdc_20190902_145404_fromSD_N2
479,101,4.241555966611639,76.0,data_sdc_20190902_145404_fromSD_N2
480,102,2.9579447176322775,76.0,data_sdc_20190902_145404_fromSD_N2
481,103,2.2255321779304293,76.0,data_sdc_20190902_145404_fromSD_N2
482,104,4.834069339477627,76.0,data_sdc_20190902_145404_fromSD_N2
483,105,3.724324602241326,76.0,data_sdc_20190902_145404_fromSD_N2
484,106,6.3444475264210345,76.0,data_sdc_20190902_145404_fromSD_N2
485,107,0.4979223874499699,76.0,data_sdc_20190902_145404_fromSD_N2
486,108,2.349083960595659,76.0,data_sdc_20190902_145404_fromSD_N2
487,109,6.960770421793805,76.0,data_sdc_20190902_145404_fromSD_N2
488,110,3.5879083102173945,76.0,data_sdc_20190902_145404_fromSD_N2
489,111,2.027521033903275,76.0,data_sdc_20190902_145404_fromSD_N2
490,112,0.46744017977584046,76.0,data_sdc_20190902_145404_fromSD_N2
491,113,2.4897012408691697,76.0,data_sdc_20190902_145404_fromSD_N2
492,114,1.8217888852672761,76.0,data_sdc_20190902_145404_fromSD_N2
493,115,7.557522609202706,76.0,data_sdc_20190902_145404_fromSD_N2
494,116,10.194449474250137,76.0,data_sdc_20190902_145404_fromSD_N2
495,117,7.925169788019784,76.0,data_sdc_20190902_145404_fromSD_N2
496,118,5.438384567750988,76.0,data_sdc_20190902_145404_fromSD_N2
497,119,6.466840789029262,76.0,data_sdc_20190902_145404_fromSD_N2
498,120,5.029439324878652,76.0,data_sdc_20190902_145404_fromSD_N2
499,121,5.994817799837883,76.0,data_sdc_20190902_145404_fromSD_N2
500,122,1.4793124357891294,76.0,data_sdc_20190902_145404_fromSD_N2
501,123,2.0023344278220137,76.0,data_sdc_20190902_145404_fromSD_N2
502,124,2.8819782244501546,76.0,data_sdc_20190902_145404_fromSD_N2
503,125,1.0806336753896555,76.0,data_sdc_20190902_145404_fromSD_N2
504,126,6.084891226522903,84.0,data_sdc_20190902_145404_fromSD_N2
505,127,1.549081582710503,84.0,data_sdc_20190902_145404_fromSD_N2
506,128,1.1204316683757878,84.0,data_sdc_20190902_145404_fromSD_N2
507,129,6.588219799452634,84.0,data_sdc_20190902_145404_fromSD_N2
508,130,4.48164811488879,84.0,data_sdc_20190902_145404_fromSD_N2
509,131,4.943129694087969,84.0,data_sdc_20190902_145404_fromSD_N2
510,132,1.521645120254117,84.0,data_sdc_20190902_145404_fromSD_N2
511,133,3.4976063373096395,84.0,data_sdc_20190902_145404_fromSD_N2
512,134,0.4902448527185734,84.0,data_sdc_20190902_145404_fromSD_N2
513,135,5.516330484412827,84.0,data_sdc_20190902_145404_fromSD_N2
514,136,1.1269197551627563,84.0,data_sdc_20190902_145404_fromSD_N2
515,137,5.413586647953072,84.0,data_sdc_20190902_145404_fromSD_N2
516,138,10.194690437475732,84.0,data_sdc_20190902_145404_fromSD_N2
517,139,2.300069762709658,84.0,data_sdc_20190902_145404_fromSD_N2
518,140,0.9406687499475371,84.0,data_sdc_20190902_145404_fromSD_N2
519,141,1.4581710304218507,84.0,data_sdc_20190902_145404_fromSD_N2
520,142,4.998582546239355,84.0,data_sdc_20190902_145404_fromSD_N2
521,143,0.5058053512438686,84.0,data_sdc_20190902_145404_fromSD_N2
522,144,0.8509784939629863,84.0,data_sdc_20190902_145404_fromSD_N2
523,145,0.13502387946449765,84.0,data_sdc_20190902_145404_fromSD_N2
524,146,3.5162419249957355,84.0,data_sdc_20190902_145404_fromSD_N2
525,147,0.6454251926543793,84.0,data_sdc_20190902_145404_fromSD_N2
526,148,7.345605322965023,84.0,data_sdc_20190902_145404_fromSD_N2
527,149,1.0004416757146823,84.0,data_sdc_20190902_145404_fromSD_N2
528,150,0.014674675929859101,84.0,data_sdc_20190902_145404_fromSD_N2
529,151,6.127387634733947,84.0,data_sdc_20190902_145404_fromSD_N2
530,152,8.393676740954486,84.0,data_sdc_20190902_145404_fromSD_N2
531,153,4.422749157615264,84.0,data_sdc_20190902_145404_fromSD_N2
532,154,7.405398693962674,84.0,data_sdc_20190902_145404_fromSD_N2
533,155,9.648145484612309,84.0,data_sdc_20190902_145404_fromSD_N2
534,156,11.72445617653007,84.0,data_sdc_20190902_145404_fromSD_N2
535,157,7.966771394048419,84.0,data_sdc_20190902_145404_fromSD_N2
536,158,2.002030810338107,84.0,data_sdc_20190902_145404_fromSD_N2
537,159,7.571503803423695,84.0,data_sdc_20190902_145404_fromSD_N2
538,160,6.6547273071609245,84.0,data_sdc_20190902_145404_fromSD_N2
539,161,3.7527314384535906,84.0,data_sdc_20190902_145404_fromSD_N2
540,162,4.490438052342661,84.0,data_sdc_20190902_145404_fromSD_N2
541,163,8.121342647184328,84.0,data_sdc_20190902_145404_fromSD_N2
542,164,2.429976369691749,84.0,data_sdc_20190902_145404_fromSD_N2
543,165,2.770029368297279,84.0,data_sdc_20190902_145404_fromSD_N2
544,166,1.6072296448749779,84.0,data_sdc_20190902_145404_fromSD_N2
545,167,7.2883913673425775,92.0,data_sdc_20190902_145404_fromSD_N2
546,168,7.091939899698951,92.0,data_sdc_20190902_145404_fromSD_N2
547,169,3.6582438154303927,92.0,data_sdc_20190902_145404_fromSD_N2
548,170,4.479385855073158,92.0,data_sdc_20190902_145404_fromSD_N2
549,171,7.365420577992524,92.0,data_sdc_20190902_145404_fromSD_N2
550,172,2.499860800890722,92.0,data_sdc_20190902_145404_fromSD_N2
551,173,2.507034505431662,92.0,data_sdc_20190902_145404_fromSD_N2
552,174,5.928984870175402,92.0,data_sdc_20190902_145404_fromSD_N2
553,175,6.274468488746015,92.0,data_sdc_20190902_145404_fromSD_N2
554,176,6.855588591670823,92.0,data_sdc_20190902_145404_fromSD_N2
555,177,7.293019399254139,92.0,data_sdc_20190902_145404_fromSD_N2
556,178,1.5,92.0,data_sdc_20190902_145404_fromSD_N2
557,179,5.063649366694217,92.0,data_sdc_20190902_145404_fromSD_N2
558,180,4.047582847041684,92.0,data_sdc_20190902_145404_fromSD_N2
559,181,3.4991848450526732,92.0,data_sdc_20190902_145404_fromSD_N2
560,182,1.4954354691061966,92.0,data_sdc_20190902_145404_fromSD_N2
561,183,7.493013964313215,92.0,data_sdc_20190902_145404_fromSD_N2
562,184,6.478904424908818,92.0,data_sdc_20190902_145404_fromSD_N2
563,185,4.45295783380269,92.0,data_sdc_20190902_145404_fromSD_N2
564,186,3.1307718333897077,92.0,data_sdc_20190902_145404_fromSD_N2
565,187,5.719114317951642,92.0,data_sdc_20190902_145404_fromSD_N2
566,188,5.979532201236043,92.0,data_sdc_20190902_145404_fromSD_N2
567,0,55.69044170540776,60.0,data_sdc_20190902_145404_fromSD_N3
568,1,47.01169250419868,60.0,data_sdc_20190902_145404_fromSD_N3
569,2,69.2567976645856,60.0,data_sdc_20190902_145404_fromSD_N3
570,3,51.648172571414186,60.0,data_sdc_20190902_145404_fromSD_N3
571,4,59.05814165906006,60.0,data_sdc_20190902_145404_fromSD_N3
572,5,57.39300902271899,60.0,data_sdc_20190902_145404_fromSD_N3
573,6,65.78574485066925,60.0,data_sdc_20190902_145404_fromSD_N3
574,7,50.035736346278746,60.0,data_sdc_20190902_145404_fromSD_N3
575,8,50.38722217409497,60.0,data_sdc_20190902_145404_fromSD_N3
576,9,44.93143839671871,60.0,data_sdc_20190902_145404_fromSD_N3
577,10,56.027853654423176,60.0,data_sdc_20190902_145404_fromSD_N3
578,11,61.01922031692514,60.0,data_sdc_20190902_145404_fromSD_N3
579,12,77.43844229369726,60.0,data_sdc_20190902_145404_fromSD_N3
580,13,46.97671219677533,60.0,data_sdc_20190902_145404_fromSD_N3
581,14,48.07096534167649,60.0,data_sdc_20190902_145404_fromSD_N3
582,15,62.66787130671015,60.0,data_sdc_20190902_145404_fromSD_N3
583,16,44.10299981190156,60.0,data_sdc_20190902_145404_fromSD_N3
584,17,57.45612852644515,60.0,data_sdc_20190902_145404_fromSD_N3
585,18,50.14957619361198,68.0,data_sdc_20190902_145404_fromSD_N3
586,19,40.35602704571492,68.0,data_sdc_20190902_145404_fromSD_N3
587,20,44.77137889508648,68.0,data_sdc_20190902_145404_fromSD_N3
588,21,42.48997512450174,68.0,data_sdc_20190902_145404_fromSD_N3
589,22,41.71622912010625,68.0,data_sdc_20190902_145404_fromSD_N3
590,23,39.21171931980109,68.0,data_sdc_20190902_145404_fromSD_N3
591,24,54.23338930889673,68.0,data_sdc_20190902_145404_fromSD_N3
592,25,32.80159555930785,68.0,data_sdc_20190902_145404_fromSD_N3
593,26,54.801650027167064,68.0,data_sdc_20190902_145404_fromSD_N3
594,27,52.25947390390399,68.0,data_sdc_20190902_145404_fromSD_N3
595,28,63.097553550273894,68.0,data_sdc_20190902_145404_fromSD_N3
596,29,55.350513966365135,68.0,data_sdc_20190902_145404_fromSD_N3
597,30,43.497141780448096,68.0,data_sdc_20190902_145404_fromSD_N3
598,31,42.293888010860755,68.0,data_sdc_20190902_145404_fromSD_N3
599,32,59.69584725186838,68.0,data_sdc_20190902_145404_fromSD_N3
600,33,82.15294371521549,68.0,data_sdc_20190902_145404_fromSD_N3
601,34,43.86186991343047,68.0,data_sdc_20190902_145404_fromSD_N3
602,35,64.41291262259784,68.0,data_sdc_20190902_145404_fromSD_N3
603,36,66.94416100629864,68.0,data_sdc_20190902_145404_fromSD_N3
604,37,57.27975531123789,68.0,data_sdc_20190902_145404_fromSD_N3
605,38,45.10665412188257,68.0,data_sdc_20190902_145404_fromSD_N3
606,39,43.800500068005334,68.0,data_sdc_20190902_145404_fromSD_N3
607,40,59.76236444235536,68.0,data_sdc_20190902_145404_fromSD_N3
608,41,55.39835576525611,68.0,data_sdc_20190902_145404_fromSD_N3
609,42,72.52249698046697,68.0,data_sdc_20190902_145404_fromSD_N3
610,43,47.25516734801937,68.0,data_sdc_20190902_145404_fromSD_N3
611,44,68.5333831658607,68.0,data_sdc_20190902_145404_fromSD_N3
612,45,48.30765522427247,68.0,data_sdc_20190902_145404_fromSD_N3
613,46,48.44326779568521,68.0,data_sdc_20190902_145404_fromSD_N3
614,47,53.18449830402444,68.0,data_sdc_20190902_145404_fromSD_N3
615,48,58.564397761083896,68.0,data_sdc_20190902_145404_fromSD_N3
616,49,53.667337821857565,68.0,data_sdc_20190902_145404_fromSD_N3
617,50,66.81707991392236,68.0,data_sdc_20190902_145404_fromSD_N3
618,51,64.86240116881605,68.0,data_sdc_20190902_145404_fromSD_N3
619,52,46.30953913117058,68.0,data_sdc_20190902_145404_fromSD_N3
620,53,53.094552959179524,68.0,data_sdc_20190902_145404_fromSD_N3
621,54,48.62514398024247,68.0,data_sdc_20190902_145404_fromSD_N3
622,55,56.79703426989349,68.0,data_sdc_20190902_145404_fromSD_N3
623,56,44.85493303676188,68.0,data_sdc_20190902_145404_fromSD_N3
624,57,36.17284566678524,68.0,data_sdc_20190902_145404_fromSD_N3
625,58,63.00545783284232,68.0,data_sdc_20190902_145404_fromSD_N3
626,59,53.48307556221712,68.0,data_sdc_20190902_145404_fromSD_N3
627,60,46.916058894673675,68.0,data_sdc_20190902_145404_fromSD_N3
628,61,42.521244971040595,68.0,data_sdc_20190902_145404_fromSD_N3
629,62,55.08922170386011,68.0,data_sdc_20190902_145404_fromSD_N3
630,63,73.02423852034103,68.0,data_sdc_20190902_145404_fromSD_N3
631,64,53.235366945630986,68.0,data_sdc_20190902_145404_fromSD_N3
632,65,66.61148661416013,68.0,data_sdc_20190902_145404_fromSD_N3
633,66,52.78800396041564,68.0,data_sdc_20190902_145404_fromSD_N3
634,67,49.361363164145544,68.0,data_sdc_20190902_145404_fromSD_N3
635,68,42.05022589140269,68.0,data_sdc_20190902_145404_fromSD_N3
636,69,51.150858656225815,68.0,data_sdc_20190902_145404_fromSD_N3
637,70,81.9133200444574,68.0,data_sdc_20190902_145404_fromSD_N3
638,71,44.11932313390619,68.0,data_sdc_20190902_145404_fromSD_N3
639,72,48.276442996033445,68.0,data_sdc_20190902_145404_fromSD_N3
640,73,29.64462560100335,68.0,data_sdc_20190902_145404_fromSD_N3
641,74,35.09291700968324,76.0,data_sdc_20190902_145404_fromSD_N3
642,75,52.35087444377103,76.0,data_sdc_20190902_145404_fromSD_N3
643,76,35.90542122166953,76.0,data_sdc_20190902_145404_fromSD_N3
644,77,47.20346780486252,76.0,data_sdc_20190902_145404_fromSD_N3
645,78,58.10335557260546,76.0,data_sdc_20190902_145404_fromSD_N3
646,79,49.08146561054584,76.0,data_sdc_20190902_145404_fromSD_N3
647,80,69.35884906369414,76.0,data_sdc_20190902_145404_fromSD_N3
648,81,52.730247446388326,76.0,data_sdc_20190902_145404_fromSD_N3
649,82,45.47756522711318,76.0,data_sdc_20190902_145404_fromSD_N3
650,83,42.80198215479396,76.0,data_sdc_20190902_145404_fromSD_N3
651,84,56.41226490091941,76.0,data_sdc_20190902_145404_fromSD_N3
652,85,48.33980194342643,76.0,data_sdc_20190902_145404_fromSD_N3
653,86,49.10816540703061,76.0,data_sdc_20190902_145404_fromSD_N3
654,87,73.05083310606659,76.0,data_sdc_20190902_145404_fromSD_N3
655,88,50.12941268733593,76.0,data_sdc_20190902_145404_fromSD_N3
656,89,57.45321631133127,76.0,data_sdc_20190902_145404_fromSD_N3
657,90,63.27745722956557,76.0,data_sdc_20190902_145404_fromSD_N3
658,91,53.35328550580484,76.0,data_sdc_20190902_145404_fromSD_N3
659,92,41.05088931299742,76.0,data_sdc_20190902_145404_fromSD_N3
660,93,48.31571711484366,76.0,data_sdc_20190902_145404_fromSD_N3
661,94,59.00422355463066,76.0,data_sdc_20190902_145404_fromSD_N3
662,95,38.387711832546714,76.0,data_sdc_20190902_145404_fromSD_N3
663,96,55.73172041211709,76.0,data_sdc_20190902_145404_fromSD_N3
664,97,39.65182144272136,76.0,data_sdc_20190902_145404_fromSD_N3
665,98,43.122701687907536,76.0,data_sdc_20190902_145404_fromSD_N3
666,99,37.24140190136875,76.0,data_sdc_20190902_145404_fromSD_N3
667,100,43.68749742646806,76.0,data_sdc_20190902_145404_fromSD_N3
668,101,48.92236645538162,76.0,data_sdc_20190902_145404_fromSD_N3
669,102,47.42988058819616,76.0,data_sdc_20190902_145404_fromSD_N3
670,103,66.0051113137732,76.0,data_sdc_20190902_145404_fromSD_N3
671,104,52.56374626279397,76.0,data_sdc_20190902_145404_fromSD_N3
672,105,59.98437908540101,76.0,data_sdc_20190902_145404_fromSD_N3
673,106,57.75187582481011,76.0,data_sdc_20190902_145404_fromSD_N3
674,107,55.82243707180322,76.0,data_sdc_20190902_145404_fromSD_N3
675,108,72.65260668742823,76.0,data_sdc_20190902_145404_fromSD_N3
676,109,39.489858907622185,76.0,data_sdc_20190902_145404_fromSD_N3
677,110,41.206832565604536,76.0,data_sdc_20190902_145404_fromSD_N3
678,111,31.545569255650843,76.0,data_sdc_20190902_145404_fromSD_N3
679,112,52.04225355987677,76.0,data_sdc_20190902_145404_fromSD_N3
680,113,59.30387380949407,76.0,data_sdc_20190902_145404_fromSD_N3
681,114,55.67355089533957,76.0,data_sdc_20190902_145404_fromSD_N3
682,115,49.54489812126002,76.0,data_sdc_20190902_145404_fromSD_N3
683,116,58.01090755519425,76.0,data_sdc_20190902_145404_fromSD_N3
684,117,56.54001763270709,76.0,data_sdc_20190902_145404_fromSD_N3
685,118,53.61881319426296,76.0,data_sdc_20190902_145404_fromSD_N3
686,119,50.76614730305033,76.0,data_sdc_20190902_145404_fromSD_N3
687,120,56.168894210230526,76.0,data_sdc_20190902_145404_fromSD_N3
688,121,42.35522566179902,76.0,data_sdc_20190902_145404_fromSD_N3
689,122,40.15851080895908,76.0,data_sdc_20190902_145404_fromSD_N3
690,123,70.1091419566833,76.0,data_sdc_20190902_145404_fromSD_N3
691,124,30.256762103961663,76.0,data_sdc_20190902_145404_fromSD_N3
692,125,57.75759436896257,76.0,data_sdc_20190902_145404_fromSD_N3
693,126,44.528642877542396,84.0,data_sdc_20190902_145404_fromSD_N3
694,127,41.99894070729494,84.0,data_sdc_20190902_145404_fromSD_N3
695,128,63.647892878765184,84.0,data_sdc_20190902_145404_fromSD_N3
696,129,39.79927543875075,84.0,data_sdc_20190902_145404_fromSD_N3
697,130,40.84096063477127,84.0,data_sdc_20190902_145404_fromSD_N3
698,131,44.135952081115725,84.0,data_sdc_20190902_145404_fromSD_N3
699,132,42.30341213644351,84.0,data_sdc_20190902_145404_fromSD_N3
700,133,55.17988917078833,84.0,data_sdc_20190902_145404_fromSD_N3
701,134,43.421475595247614,84.0,data_sdc_20190902_145404_fromSD_N3
702,135,42.08451321801092,84.0,data_sdc_20190902_145404_fromSD_N3
703,136,54.61525771304949,84.0,data_sdc_20190902_145404_fromSD_N3
704,137,42.46057921868311,84.0,data_sdc_20190902_145404_fromSD_N3
705,138,54.656827155494945,84.0,data_sdc_20190902_145404_fromSD_N3
706,139,53.7563269829778,84.0,data_sdc_20190902_145404_fromSD_N3
707,140,58.88514896831992,84.0,data_sdc_20190902_145404_fromSD_N3
708,141,47.58300345277509,84.0,data_sdc_20190902_145404_fromSD_N3
709,142,51.7616986066162,84.0,data_sdc_20190902_145404_fromSD_N3
710,143,56.413697247175925,84.0,data_sdc_20190902_145404_fromSD_N3
711,144,38.92510834459954,84.0,data_sdc_20190902_145404_fromSD_N3
712,145,57.17909534175733,84.0,data_sdc_20190902_145404_fromSD_N3
713,146,49.33133521892433,84.0,data_sdc_20190902_145404_fromSD_N3
714,147,49.524894347322416,84.0,data_sdc_20190902_145404_fromSD_N3
715,148,53.12146356423211,84.0,data_sdc_20190902_145404_fromSD_N3
716,149,53.22160873690777,84.0,data_sdc_20190902_145404_fromSD_N3
717,150,42.04213769517584,84.0,data_sdc_20190902_145404_fromSD_N3
718,151,67.02254788382733,84.0,data_sdc_20190902_145404_fromSD_N3
719,152,65.23529416284532,84.0,data_sdc_20190902_145404_fromSD_N3
720,153,48.361268946060534,84.0,data_sdc_20190902_145404_fromSD_N3
721,154,45.08986248192222,84.0,data_sdc_20190902_145404_fromSD_N3
722,155,57.640233314708276,84.0,data_sdc_20190902_145404_fromSD_N3
723,156,64.41604252964763,84.0,data_sdc_20190902_145404_fromSD_N3
724,157,59.401009518119174,84.0,data_sdc_20190902_145404_fromSD_N3
725,158,65.03272292834427,84.0,data_sdc_20190902_145404_fromSD_N3
726,159,44.01122912707916,84.0,data_sdc_20190902_145404_fromSD_N3
727,160,53.31625686777226,84.0,data_sdc_20190902_145404_fromSD_N3
728,161,65.41864360059547,84.0,data_sdc_20190902_145404_fromSD_N3
729,162,36.9500383721061,84.0,data_sdc_20190902_145404_fromSD_N3
730,163,46.17795692489329,84.0,data_sdc_20190902_145404_fromSD_N3
731,164,53.52469177337727,84.0,data_sdc_20190902_145404_fromSD_N3
732,165,49.666509481445516,84.0,data_sdc_20190902_145404_fromSD_N3
733,166,59.51235394143152,84.0,data_sdc_20190902_145404_fromSD_N3
734,167,40.006565863314535,92.0,data_sdc_20190902_145404_fromSD_N3
735,168,64.3091118940843,92.0,data_sdc_20190902_145404_fromSD_N3
736,169,32.31991656580258,92.0,data_sdc_20190902_145404_fromSD_N3
737,170,45.88211068735252,92.0,data_sdc_20190902_145404_fromSD_N3
738,171,31.8896598810689,92.0,data_sdc_20190902_145404_fromSD_N3
739,172,61.408086532650834,92.0,data_sdc_20190902_145404_fromSD_N3
740,173,74.60083071882978,92.0,data_sdc_20190902_145404_fromSD_N3
741,174,55.68656639182938,92.0,data_sdc_20190902_145404_fromSD_N3
742,175,36.9739376783365,92.0,data_sdc_20190902_145404_fromSD_N3
743,176,49.20559727209785,92.0,data_sdc_20190902_145404_fromSD_N3
744,177,36.78049947746676,92.0,data_sdc_20190902_145404_fromSD_N3
745,178,53.17425649718571,92.0,data_sdc_20190902_145404_fromSD_N3
746,179,47.20247241473139,92.0,data_sdc_20190902_145404_fromSD_N3
747,180,46.23670199477723,92.0,data_sdc_20190902_145404_fromSD_N3
748,181,37.28661961222382,92.0,data_sdc_20190902_145404_fromSD_N3
749,182,66.02445548081741,92.0,data_sdc_20190902_145404_fromSD_N3
750,183,54.24855674447793,92.0,data_sdc_20190902_145404_fromSD_N3
751,184,43.003765407189604,92.0,data_sdc_20190902_145404_fromSD_N3
752,185,50.770055005357584,92.0,data_sdc_20190902_145404_fromSD_N3
753,186,48.08566226971521,92.0,data_sdc_20190902_145404_fromSD_N3
754,187,32.8984169331561,92.0,data_sdc_20190902_145404_fromSD_N3
755,188,54.812062904936305,92.0,data_sdc_20190902_145404_fromSD_N3
